Date,Ticker,Company,Time
2025-07-17,TSM,Taiwan Semiconductor Manufacturing Company Limited,-
2025-07-17,NFLX,"Netflix, Inc.",Q2 2025 Earnings Announcement
2025-07-17,NVS,Novartis AG,-
2025-07-17,PEP,"PepsiCo, Inc.",-
2025-07-17,MMC,"Marsh & McLennan Companies, Inc.",-
2025-07-17,ELV,"Elevance Health, Inc.",-
2025-07-17,IBKR,"Interactive Brokers Group, Inc.",Q2 2025 Earnings Announcement
2025-07-17,SNA,Snap-on Incorporated,-
2025-07-17,WAL,Western Alliance Bancorporation,Q2 2025 Earnings Announcement
2025-07-17,OZK,Bank OZK,Q2 2025 Earnings Announcement
2025-07-17,FNB,F.N.B. Corporation,Q2 2025 Earnings Announcement
2025-07-17,FFIN,"First Financial Bankshares, Inc.",Q2 2025 Earnings Announcement
2025-07-17,EEFT,"Euronet Worldwide, Inc.",Q2 2025 Earnings Announcement
2025-07-17,BANF,BancFirst Corporation,Q2 2025 Earnings Announcement
2025-07-17,TCBI,"Texas Capital Bancshares, Inc.",-
2025-07-17,CNS,"Cohen & Steers, Inc.",Q2 2025 Earnings Announcement
2025-07-17,INDB,Independent Bank Corp.,Q2 2025 Earnings Announcement
2025-07-17,SFNC,Simmons First National Corporation,Q2 2025 Earnings Announcement
2025-07-17,WAFD,"WaFd, Inc.",Q3 2025 Earnings Announcement
2025-07-17,LU,Lufax Holding Ltd,Q4 2024 Earnings Announcement
2025-07-17,BFC,Bank First Corporation,Q2 2025 Earnings Announcement
2025-07-17,VZLA,Vizsla Silver Corp.,Q4 2025 Earnings Announcement
2025-07-17,MCB,Metropolitan Bank Holding Corp.,Q2 2025 Earnings Announcement
2025-07-17,IIIN,"Insteel Industries, Inc.",-
2025-07-17,EBTC,"Enterprise Bancorp, Inc.",Q2 2025 Earnings Announcement
2025-07-18,TSM,Taiwan Semiconductor Manufacturing Company Limited,-
2025-07-18,NFLX,"Netflix, Inc.",Q2 2025 Earnings Announcement
2025-07-18,NVS,Novartis AG,-
2025-07-18,PEP,"PepsiCo, Inc.",-
2025-07-18,MMC,"Marsh & McLennan Companies, Inc.",-
2025-07-18,ELV,"Elevance Health, Inc.",-
2025-07-18,IBKR,"Interactive Brokers Group, Inc.",Q2 2025 Earnings Announcement
2025-07-18,SNA,Snap-on Incorporated,-
2025-07-18,WAL,Western Alliance Bancorporation,Q2 2025 Earnings Announcement
2025-07-18,OZK,Bank OZK,Q2 2025 Earnings Announcement
2025-07-18,FNB,F.N.B. Corporation,Q2 2025 Earnings Announcement
2025-07-18,FFIN,"First Financial Bankshares, Inc.",Q2 2025 Earnings Announcement
2025-07-18,EEFT,"Euronet Worldwide, Inc.",Q2 2025 Earnings Announcement
2025-07-18,BANF,BancFirst Corporation,Q2 2025 Earnings Announcement
2025-07-18,TCBI,"Texas Capital Bancshares, Inc.",-
2025-07-18,CNS,"Cohen & Steers, Inc.",Q2 2025 Earnings Announcement
2025-07-18,INDB,Independent Bank Corp.,Q2 2025 Earnings Announcement
2025-07-18,SFNC,Simmons First National Corporation,Q2 2025 Earnings Announcement
2025-07-18,WAFD,"WaFd, Inc.",Q3 2025 Earnings Announcement
2025-07-18,LU,Lufax Holding Ltd,Q4 2024 Earnings Announcement
2025-07-18,BFC,Bank First Corporation,Q2 2025 Earnings Announcement
2025-07-18,VZLA,Vizsla Silver Corp.,Q4 2025 Earnings Announcement
2025-07-18,MCB,Metropolitan Bank Holding Corp.,Q2 2025 Earnings Announcement
2025-07-18,IIIN,"Insteel Industries, Inc.",-
2025-07-18,EBTC,"Enterprise Bancorp, Inc.",Q2 2025 Earnings Announcement
2025-07-19,TSM,Taiwan Semiconductor Manufacturing Company Limited,-
2025-07-19,NFLX,"Netflix, Inc.",Q2 2025 Earnings Announcement
2025-07-19,NVS,Novartis AG,-
2025-07-19,PEP,"PepsiCo, Inc.",-
2025-07-19,MMC,"Marsh & McLennan Companies, Inc.",-
2025-07-19,ELV,"Elevance Health, Inc.",-
2025-07-19,IBKR,"Interactive Brokers Group, Inc.",Q2 2025 Earnings Announcement
2025-07-19,SNA,Snap-on Incorporated,-
2025-07-19,WAL,Western Alliance Bancorporation,Q2 2025 Earnings Announcement
2025-07-19,OZK,Bank OZK,Q2 2025 Earnings Announcement
2025-07-19,FNB,F.N.B. Corporation,Q2 2025 Earnings Announcement
2025-07-19,FFIN,"First Financial Bankshares, Inc.",Q2 2025 Earnings Announcement
2025-07-19,EEFT,"Euronet Worldwide, Inc.",Q2 2025 Earnings Announcement
2025-07-19,BANF,BancFirst Corporation,Q2 2025 Earnings Announcement
2025-07-19,TCBI,"Texas Capital Bancshares, Inc.",-
2025-07-19,CNS,"Cohen & Steers, Inc.",Q2 2025 Earnings Announcement
2025-07-19,INDB,Independent Bank Corp.,Q2 2025 Earnings Announcement
2025-07-19,SFNC,Simmons First National Corporation,Q2 2025 Earnings Announcement
2025-07-19,WAFD,"WaFd, Inc.",Q3 2025 Earnings Announcement
2025-07-19,LU,Lufax Holding Ltd,Q4 2024 Earnings Announcement
2025-07-19,BFC,Bank First Corporation,Q2 2025 Earnings Announcement
2025-07-19,VZLA,Vizsla Silver Corp.,Q4 2025 Earnings Announcement
2025-07-19,MCB,Metropolitan Bank Holding Corp.,Q2 2025 Earnings Announcement
2025-07-19,IIIN,"Insteel Industries, Inc.",-
2025-07-19,EBTC,"Enterprise Bancorp, Inc.",Q2 2025 Earnings Announcement
2025-07-20,TSM,Taiwan Semiconductor Manufacturing Company Limited,-
2025-07-20,NFLX,"Netflix, Inc.",Q2 2025 Earnings Announcement
2025-07-20,NVS,Novartis AG,-
2025-07-20,PEP,"PepsiCo, Inc.",-
2025-07-20,MMC,"Marsh & McLennan Companies, Inc.",-
2025-07-20,ELV,"Elevance Health, Inc.",-
2025-07-20,IBKR,"Interactive Brokers Group, Inc.",Q2 2025 Earnings Announcement
2025-07-20,SNA,Snap-on Incorporated,-
2025-07-20,WAL,Western Alliance Bancorporation,Q2 2025 Earnings Announcement
2025-07-20,OZK,Bank OZK,Q2 2025 Earnings Announcement
2025-07-20,FNB,F.N.B. Corporation,Q2 2025 Earnings Announcement
2025-07-20,FFIN,"First Financial Bankshares, Inc.",Q2 2025 Earnings Announcement
2025-07-20,EEFT,"Euronet Worldwide, Inc.",Q2 2025 Earnings Announcement
2025-07-20,BANF,BancFirst Corporation,Q2 2025 Earnings Announcement
2025-07-20,TCBI,"Texas Capital Bancshares, Inc.",-
2025-07-20,CNS,"Cohen & Steers, Inc.",Q2 2025 Earnings Announcement
2025-07-20,INDB,Independent Bank Corp.,Q2 2025 Earnings Announcement
2025-07-20,SFNC,Simmons First National Corporation,Q2 2025 Earnings Announcement
2025-07-20,WAFD,"WaFd, Inc.",Q3 2025 Earnings Announcement
2025-07-20,LU,Lufax Holding Ltd,Q4 2024 Earnings Announcement
2025-07-20,BFC,Bank First Corporation,Q2 2025 Earnings Announcement
2025-07-20,VZLA,Vizsla Silver Corp.,Q4 2025 Earnings Announcement
2025-07-20,MCB,Metropolitan Bank Holding Corp.,Q2 2025 Earnings Announcement
2025-07-20,IIIN,"Insteel Industries, Inc.",-
2025-07-20,EBTC,"Enterprise Bancorp, Inc.",Q2 2025 Earnings Announcement
2025-07-21,TSM,Taiwan Semiconductor Manufacturing Company Limited,-
2025-07-21,NFLX,"Netflix, Inc.",Q2 2025 Earnings Announcement
2025-07-21,NVS,Novartis AG,-
2025-07-21,PEP,"PepsiCo, Inc.",-
2025-07-21,MMC,"Marsh & McLennan Companies, Inc.",-
2025-07-21,ELV,"Elevance Health, Inc.",-
2025-07-21,IBKR,"Interactive Brokers Group, Inc.",Q2 2025 Earnings Announcement
2025-07-21,SNA,Snap-on Incorporated,-
2025-07-21,WAL,Western Alliance Bancorporation,Q2 2025 Earnings Announcement
2025-07-21,OZK,Bank OZK,Q2 2025 Earnings Announcement
2025-07-21,FNB,F.N.B. Corporation,Q2 2025 Earnings Announcement
2025-07-21,FFIN,"First Financial Bankshares, Inc.",Q2 2025 Earnings Announcement
2025-07-21,EEFT,"Euronet Worldwide, Inc.",Q2 2025 Earnings Announcement
2025-07-21,BANF,BancFirst Corporation,Q2 2025 Earnings Announcement
2025-07-21,TCBI,"Texas Capital Bancshares, Inc.",-
2025-07-21,CNS,"Cohen & Steers, Inc.",Q2 2025 Earnings Announcement
2025-07-21,INDB,Independent Bank Corp.,Q2 2025 Earnings Announcement
2025-07-21,SFNC,Simmons First National Corporation,Q2 2025 Earnings Announcement
2025-07-21,WAFD,"WaFd, Inc.",Q3 2025 Earnings Announcement
2025-07-21,LU,Lufax Holding Ltd,Q4 2024 Earnings Announcement
2025-07-21,BFC,Bank First Corporation,Q2 2025 Earnings Announcement
2025-07-21,VZLA,Vizsla Silver Corp.,Q4 2025 Earnings Announcement
2025-07-21,MCB,Metropolitan Bank Holding Corp.,Q2 2025 Earnings Announcement
2025-07-21,IIIN,"Insteel Industries, Inc.",-
2025-07-21,EBTC,"Enterprise Bancorp, Inc.",Q2 2025 Earnings Announcement
2025-07-22,TSM,Taiwan Semiconductor Manufacturing Company Limited,-
2025-07-22,NFLX,"Netflix, Inc.",Q2 2025 Earnings Announcement
2025-07-22,NVS,Novartis AG,-
2025-07-22,PEP,"PepsiCo, Inc.",-
2025-07-22,MMC,"Marsh & McLennan Companies, Inc.",-
2025-07-22,ELV,"Elevance Health, Inc.",-
2025-07-22,IBKR,"Interactive Brokers Group, Inc.",Q2 2025 Earnings Announcement
2025-07-22,SNA,Snap-on Incorporated,-
2025-07-22,WAL,Western Alliance Bancorporation,Q2 2025 Earnings Announcement
2025-07-22,OZK,Bank OZK,Q2 2025 Earnings Announcement
2025-07-22,FNB,F.N.B. Corporation,Q2 2025 Earnings Announcement
2025-07-22,FFIN,"First Financial Bankshares, Inc.",Q2 2025 Earnings Announcement
2025-07-22,EEFT,"Euronet Worldwide, Inc.",Q2 2025 Earnings Announcement
2025-07-22,BANF,BancFirst Corporation,Q2 2025 Earnings Announcement
2025-07-22,TCBI,"Texas Capital Bancshares, Inc.",-
2025-07-22,CNS,"Cohen & Steers, Inc.",Q2 2025 Earnings Announcement
2025-07-22,INDB,Independent Bank Corp.,Q2 2025 Earnings Announcement
2025-07-22,SFNC,Simmons First National Corporation,Q2 2025 Earnings Announcement
2025-07-22,WAFD,"WaFd, Inc.",Q3 2025 Earnings Announcement
2025-07-22,LU,Lufax Holding Ltd,Q4 2024 Earnings Announcement
2025-07-22,BFC,Bank First Corporation,Q2 2025 Earnings Announcement
2025-07-22,VZLA,Vizsla Silver Corp.,Q4 2025 Earnings Announcement
2025-07-22,MCB,Metropolitan Bank Holding Corp.,Q2 2025 Earnings Announcement
2025-07-22,IIIN,"Insteel Industries, Inc.",-
2025-07-22,EBTC,"Enterprise Bancorp, Inc.",Q2 2025 Earnings Announcement
2025-07-23,TSM,Taiwan Semiconductor Manufacturing Company Limited,-
2025-07-23,NFLX,"Netflix, Inc.",Q2 2025 Earnings Announcement
2025-07-23,NVS,Novartis AG,-
2025-07-23,PEP,"PepsiCo, Inc.",-
2025-07-23,MMC,"Marsh & McLennan Companies, Inc.",-
2025-07-23,ELV,"Elevance Health, Inc.",-
2025-07-23,IBKR,"Interactive Brokers Group, Inc.",Q2 2025 Earnings Announcement
2025-07-23,SNA,Snap-on Incorporated,-
2025-07-23,WAL,Western Alliance Bancorporation,Q2 2025 Earnings Announcement
2025-07-23,OZK,Bank OZK,Q2 2025 Earnings Announcement
2025-07-23,FNB,F.N.B. Corporation,Q2 2025 Earnings Announcement
2025-07-23,FFIN,"First Financial Bankshares, Inc.",Q2 2025 Earnings Announcement
2025-07-23,EEFT,"Euronet Worldwide, Inc.",Q2 2025 Earnings Announcement
2025-07-23,BANF,BancFirst Corporation,Q2 2025 Earnings Announcement
2025-07-23,TCBI,"Texas Capital Bancshares, Inc.",-
2025-07-23,CNS,"Cohen & Steers, Inc.",Q2 2025 Earnings Announcement
2025-07-23,INDB,Independent Bank Corp.,Q2 2025 Earnings Announcement
2025-07-23,SFNC,Simmons First National Corporation,Q2 2025 Earnings Announcement
2025-07-23,WAFD,"WaFd, Inc.",Q3 2025 Earnings Announcement
2025-07-23,LU,Lufax Holding Ltd,Q4 2024 Earnings Announcement
2025-07-23,BFC,Bank First Corporation,Q2 2025 Earnings Announcement
2025-07-23,VZLA,Vizsla Silver Corp.,Q4 2025 Earnings Announcement
2025-07-23,MCB,Metropolitan Bank Holding Corp.,Q2 2025 Earnings Announcement
2025-07-23,IIIN,"Insteel Industries, Inc.",-
2025-07-23,EBTC,"Enterprise Bancorp, Inc.",Q2 2025 Earnings Announcement
